ID,ã‚¿ã‚¤ãƒˆãƒ«,URL,å…¬é–‹æ—¥,ã‚¹ãƒ†ãƒ¼ã‚¿ã‚¹
699,2026å¹´åº¦IPAè©¦é¨“CBTåŒ–ã§ä½•ãŒå¤‰ã‚ã‚‹ï¼Ÿé«˜åº¦è©¦é¨“å…¨åŒºåˆ†åˆæ ¼è€…ãŒè§£èª¬,https://techsimpleapp.main.jp/2026/02/16/2026%e5%b9%b4%e5%ba%a6ipa%e8%a9%a6%e9%a8%93cbt%e5%8c%96%e3%81%a7%e4%bd%95%e3%81%8c%e5%a4%89%e3%82%8f%e3%82%8b%ef%bc%9f%e9%ab%98%e5%ba%a6%e8%a9%a6%e9%a8%93%e5%85%a8%e5%8c%ba%e5%88%86%e5%90%88%e6%a0%bc/,2026-02-16T20:31:24,publish
689,ã€1æ—¥ã§å®Œæˆã€‘WordPressãƒ–ãƒ­ã‚°ã‚’AdSenseç”³è«‹å¯èƒ½ã«æ”¹å–„ã—ãŸå…¨è¨˜éŒ²,https://techsimpleapp.main.jp/2026/02/15/%e3%80%901%e6%97%a5%e3%81%a7%e5%ae%8c%e6%88%90%e3%80%91wordpress%e3%83%96%e3%83%ad%e3%82%b0%e3%82%92adsense%e7%94%b3%e8%ab%8b%e5%8f%af%e8%83%bd%e3%81%ab%e6%94%b9%e5%96%84%e3%81%97%e3%81%9f%e5%85%a8/,2026-02-15T21:12:31,publish
680,ãƒŠãƒ³ãƒ—ãƒ¬é“å ´ã‚¢ãƒ—ãƒªã‚’ãƒªãƒªãƒ¼ã‚¹ã—ã¾ã—ãŸï¼1000å•ã®è„³ãƒˆãƒ¬ã§å®ŸåŠ›UP,https://techsimpleapp.main.jp/2026/02/15/%e3%83%8a%e3%83%b3%e3%83%97%e3%83%ac%e9%81%93%e5%a0%b4%e3%82%a2%e3%83%97%e3%83%aa%e3%83%ac%e3%83%93%e3%83%a5%e3%83%bc%ef%bc%811000%e5%95%8f%e3%81%ae%e8%84%b3%e3%83%88%e3%83%ac%e3%81%a7%e5%ae%9f/,2026-02-15T20:57:51,publish
662,å°†æ£‹ãƒ»ãƒã‚§ã‚¹ã«æœ€é©ï¼2ã€œ6äººå¯¾å¿œã®å¤šæ©Ÿèƒ½å¯¾å±€æ™‚è¨ˆã‚¢ãƒ—ãƒªã‚’Flutterã§ãƒªãƒªãƒ¼ã‚¹ã—ã¾ã—ãŸ,https://techsimpleapp.main.jp/2026/02/15/%e5%b0%86%e6%a3%8b%e3%83%bb%e3%83%81%e3%82%a7%e3%82%b9%e3%81%ab%e6%9c%80%e9%81%a9%ef%bc%812%e3%80%9c6%e4%ba%ba%e5%af%be%e5%bf%9c%e3%81%ae%e5%a4%9a%e6%a9%9f%e8%83%bd%e5%af%be%e5%b1%80%e6%99%82%e8%a8%88/,2026-02-15T19:00:56,publish
267,ã€ŒAIã‚’ä½¿ã„ã“ãªã›ãªã„ã€ã‚’å’æ¥­ï¼KMSã®AI AgentãŒClaude 4.5å®Ÿè£…ã§éã‚¨ãƒ³ã‚¸ãƒ‹ã‚¢ã®æ¥­å‹™ã‚’åŠ‡çš„ã«å¤‰ãˆã‚‹ä»•çµ„ã¿,https://techsimpleapp.main.jp/2026/02/14/%e3%80%8cai%e3%82%92%e4%bd%bf%e3%81%84%e3%81%93%e3%81%aa%e3%81%9b%e3%81%aa%e3%81%84%e3%80%8d%e3%82%92%e5%8d%92%e6%a5%ad%ef%bc%81kms%e3%81%aeai-agent%e3%81%8cclaude-4-5%e5%ae%9f%e8%a3%85%e3%81%a7/,2026-02-14T07:31:13,publish
264,AIè­°äº‹éŒ²ãŒä¼šè­°ã®å¸¸è­˜ã‚’è¦†ã™ï¼æ—¥æœ¬ç‰¹åŒ–ã€ŒMeet AI+ã€ã§è­°äº‹éŒ²ä½œæˆ90%å‰Šæ¸›ã®è¡æ’ƒ,https://techsimpleapp.main.jp/2026/02/13/ai%e8%ad%b0%e4%ba%8b%e9%8c%b2%e3%81%8c%e4%bc%9a%e8%ad%b0%e3%81%ae%e5%b8%b8%e8%ad%98%e3%82%92%e8%a6%86%e3%81%99%ef%bc%81%e6%97%a5%e6%9c%ac%e7%89%b9%e5%8c%96%e3%80%8cmeet-ai%e3%80%8d%e3%81%a7%e8%ad%b0/,2026-02-13T07:31:11,publish
248,ã€ŒAIã€ç¾å ´ã§ä½¿ã„ã“ãªã›ã¦ã‚‹ï¼Ÿã€ãƒãƒ¼ã‚±ãƒ»å–¶æ¥­å¿…è¦‹ã®ç„¡æ–™AIãƒã‚¦ãƒã‚¦ã€YouTubeã§å…¬é–‹é–‹å§‹ï¼ãƒ—ãƒ­ãƒ³ãƒ—ãƒˆé…å¸ƒã®è¡æ’ƒ,https://techsimpleapp.main.jp/2026/02/02/%e3%80%8cai%e3%80%81%e7%8f%be%e5%a0%b4%e3%81%a7%e4%bd%bf%e3%81%84%e3%81%93%e3%81%aa%e3%81%9b%e3%81%a6%e3%82%8b%ef%bc%9f%e3%80%8d%e3%83%9e%e3%83%bc%e3%82%b1%e3%83%bb%e5%96%b6%e6%a5%ad%e5%bf%85%e8%a6%8b/,2026-02-02T07:31:11,publish
247,AIãƒ‹ãƒ¥ãƒ¼ã‚¹è¿½ã†ã®ç–²ã‚ŒãŸäººå¿…è¦‹ï¼å›½å†…æœ€å¤§ç´šãƒ¡ãƒ«ãƒã‚¬ãŒæ–°ãƒ„ãƒ¼ãƒ«ã¨ChatGPTåºƒå‘Šã®è£å´ã‚’æ·±æ˜ã‚Š,https://techsimpleapp.main.jp/2026/02/01/ai%e3%83%8b%e3%83%a5%e3%83%bc%e3%82%b9%e8%bf%bd%e3%81%86%e3%81%ae%e7%96%b2%e3%82%8c%e3%81%9f%e4%ba%ba%e5%bf%85%e8%a6%8b%ef%bc%81%e5%9b%bd%e5%86%85%e6%9c%80%e5%a4%a7%e7%b4%9a%e3%83%a1%e3%83%ab%e3%83%9e/,2026-02-01T07:31:13,publish
246,ã€Œè¤‡é›‘ãªAIé€£æºã€ã¯ã‚‚ã†æ€–ããªã„ï¼Ÿå¯Œå£«ã‚½ãƒ•ãƒˆã¨AWSãŒã€ŒAgentCoreã€ã§ä¼æ¥­DXã‚’åŠ é€Ÿã™ã‚‹ç†ç”±,https://techsimpleapp.main.jp/2026/01/31/%e3%80%8c%e8%a4%87%e9%9b%91%e3%81%aaai%e9%80%a3%e6%90%ba%e3%80%8d%e3%81%af%e3%82%82%e3%81%86%e6%80%96%e3%81%8f%e3%81%aa%e3%81%84%ef%bc%9f%e5%af%8c%e5%a3%ab%e3%82%bd%e3%83%95%e3%83%88%e3%81%a8aws/,2026-01-31T07:31:11,publish
243,ã€Œã¾ã ç”ŸæˆAIå°å…¥ã§è¶³è¸ã¿ã—ã¦ã‚‹ï¼Ÿã€AWSã¨çµ„ã‚“ã å›½ç”£AIãŒã€Œå®‰å¿ƒãƒ»å®‰å…¨ã€ãªãƒ“ã‚¸ãƒã‚¹æ´»ç”¨ã‚’å®Ÿç¾ã™ã‚‹ç†ç”±,https://techsimpleapp.main.jp/2026/01/28/%e3%80%8c%e3%81%be%e3%81%a0%e7%94%9f%e6%88%90ai%e5%b0%8e%e5%85%a5%e3%81%a7%e8%b6%b3%e8%b8%8f%e3%81%bf%e3%81%97%e3%81%a6%e3%82%8b%ef%bc%9f%e3%80%8daws%e3%81%a8%e7%b5%84%e3%82%93%e3%81%a0%e5%9b%bd/,2026-01-28T07:31:12,publish
233,ã€Œéã‚¨ãƒ³ã‚¸ãƒ‹ã‚¢ã§ã‚‚æ•°åˆ†ã§å°å…¥ï¼ã€Kotoznaã®å¤šè¨€èªAIãƒãƒ£ãƒƒãƒˆãƒœãƒƒãƒˆãŒé¡§å®¢å¯¾å¿œã‚’çˆ†é€ŸåŒ–ã™ã‚‹ä»•çµ„ã¿,https://techsimpleapp.main.jp/2026/01/18/%e3%80%8c%e9%9d%9e%e3%82%a8%e3%83%b3%e3%82%b8%e3%83%8b%e3%82%a2%e3%81%a7%e3%82%82%e6%95%b0%e5%88%86%e3%81%a7%e5%b0%8e%e5%85%a5%ef%bc%81%e3%80%8dkotozna%e3%81%ae%e5%a4%9a%e8%a8%80%e8%aa%9eai%e3%83%81/,2026-01-18T07:31:16,publish
232,RPAãƒ»AIé€£æºã®ã€Œã¾ã•ã‹ã€ã‚’é˜²ãï¼ã€ä¸­å°ä¼æ¥­å¿…è¦‹ã€‘çµ±åˆç®¡ç†ã‚¯ãƒ©ã‚¦ãƒ‰ãŒã‚»ã‚­ãƒ¥ãƒªãƒ†ã‚£ã‚’å¤§å¹…å¼·åŒ–ã™ã‚‹ç†ç”±,https://techsimpleapp.main.jp/2026/01/17/rpa%e3%83%bbai%e9%80%a3%e6%90%ba%e3%81%ae%e3%80%8c%e3%81%be%e3%81%95%e3%81%8b%e3%80%8d%e3%82%92%e9%98%b2%e3%81%90%ef%bc%81%e3%80%90%e4%b8%ad%e5%b0%8f%e4%bc%81%e6%a5%ad%e5%bf%85%e8%a6%8b%e3%80%91/,2026-01-17T07:31:19,publish
230,ECæ‹…å½“è€…å¿…è¦‹ï¼é¡§å®¢æƒ…å ±ãƒãƒ©ãƒãƒ©å•é¡Œã€KNOTBOXÃ—ecforceé€£æºã§è§£æ±ºï¼LINEãƒ‘ãƒ¼ã‚½ãƒŠãƒ«æ¥å®¢ã§å£²ä¸Šæœ€å¤§åŒ–,https://techsimpleapp.main.jp/2026/01/15/ec%e6%8b%85%e5%bd%93%e8%80%85%e5%bf%85%e8%a6%8b%ef%bc%81%e9%a1%a7%e5%ae%a2%e6%83%85%e5%a0%b1%e3%83%90%e3%83%a9%e3%83%90%e3%83%a9%e5%95%8f%e9%a1%8c%e3%80%81knotboxxecforce%e9%80%a3%e6%90%ba/,2026-01-15T07:31:17,publish
229,ã€Œä½•ãŒæœ€é©è§£ã‹è¿·ã†ãƒãƒ¼ã‚±ã‚¿ãƒ¼å¿…è¦‹ã€å„ªã‚ŒãŸå®Ÿè·µã‚’å­¦ã¶ã€ŒBEST OF MARKETING AWARD 2026ã€ãŒç¤ºã™DXåŠ é€Ÿã®ãƒ’ãƒ³ãƒˆ,https://techsimpleapp.main.jp/2026/01/14/%e3%80%8c%e4%bd%95%e3%81%8c%e6%9c%80%e9%81%a9%e8%a7%a3%e3%81%8b%e8%bf%b7%e3%81%86%e3%83%9e%e3%83%bc%e3%82%b1%e3%82%bf%e3%83%bc%e5%bf%85%e8%a6%8b%e3%80%8d%e5%84%aa%e3%82%8c%e3%81%9f%e5%ae%9f%e8%b7%b5/,2026-01-14T07:31:18,publish
227,ã€ŒDXæ¨é€²ã§ä¸å®‰ã€ãªçµŒå–¶è€…ã¸ã€‚AutoDateãŒæƒ…å ±ã‚»ã‚­ãƒ¥ãƒªãƒ†ã‚£å›½éš›èªè¨¼ã§ã€Œå®‰å…¨ãªè‡ªå‹•åŒ–ã€ã‚’å¶ãˆã‚‹ä»•çµ„ã¿,https://techsimpleapp.main.jp/2026/01/12/%e3%80%8cdx%e6%8e%a8%e9%80%b2%e3%81%a7%e4%b8%8d%e5%ae%89%e3%80%8d%e3%81%aa%e7%b5%8c%e5%96%b6%e8%80%85%e3%81%b8%e3%80%82autodate%e3%81%8c%e6%83%85%e5%a0%b1%e3%82%bb%e3%82%ad%e3%83%a5%e3%83%aa%e3%83%86/,2026-01-12T07:31:09,publish
222,ã€Œã‚¤ãƒ¡ãƒ¼ã‚¸é•ã„ã€ã§AIç”»åƒç”Ÿæˆã«ç–²å¼Šã—ã¦ãªã„ï¼ŸGMOå¤©ç§¤AIãŒæœ€å¤§3ã¤ã®AIåŒæ™‚å®Ÿè¡Œã§çˆ†é€Ÿæ”¹å–„ğŸ¨,https://techsimpleapp.main.jp/2026/01/07/%e3%80%8c%e3%82%a4%e3%83%a1%e3%83%bc%e3%82%b8%e9%81%95%e3%81%84%e3%80%8d%e3%81%a7ai%e7%94%bb%e5%83%8f%e7%94%9f%e6%88%90%e3%81%ab%e7%96%b2%e5%bc%8a%e3%81%97%e3%81%a6%e3%81%aa%e3%81%84%ef%bc%9fgmo/,2026-01-07T07:31:11,publish
218,AIã‚¢ãƒ¼ãƒˆã§ç¨¼ããŸã„äººå¿…è¦‹ï¼æ—¥æœ¬æœ€é«˜é¡NFTã‚¯ãƒªã‚¨ã‚¤ã‚¿ãƒ¼ãŒã€ŒAIè¬›å¸«ã€ã«ãªã‚‹ç†ç”±ã€ã‚¹ã‚­ãƒ«ã‚¢ãƒƒãƒ—ã®ç§˜è¨£,https://techsimpleapp.main.jp/2026/01/03/ai%e3%82%a2%e3%83%bc%e3%83%88%e3%81%a7%e7%a8%bc%e3%81%8e%e3%81%9f%e3%81%84%e4%ba%ba%e5%bf%85%e8%a6%8b%ef%bc%81%e6%97%a5%e6%9c%ac%e6%9c%80%e9%ab%98%e9%a1%8dnft%e3%82%af%e3%83%aa%e3%82%a8%e3%82%a4/,2026-01-03T07:31:13,publish
174,ã€ŒAIäººæãŒã„ãªã„ã€ã§æ­¢ã¾ã‚‹DXã‚’æ‰“ç ´ï¼æœ€çŸ­å³æ—¥ãƒãƒƒãƒãƒ³ã‚°ã€ŒAI Ops Managerã€ãŒçµ„ç¹”ã‚’ã€ŒAIãƒã‚¤ãƒ†ã‚£ãƒ–ã€ã«å¤‰é©ã™ã‚‹ä»•çµ„ã¿,https://techsimpleapp.main.jp/2025/12/20/%e3%80%8cai%e4%ba%ba%e6%9d%90%e3%81%8c%e3%81%84%e3%81%aa%e3%81%84%e3%80%8d%e3%81%a7%e6%ad%a2%e3%81%be%e3%82%8bdx%e3%82%92%e6%89%93%e7%a0%b4%ef%bc%81%e6%9c%80%e7%9f%ad%e5%8d%b3%e6%97%a5%e3%83%9e/,2025-12-20T07:31:12,publish
172,ã€Œéã‚¨ãƒ³ã‚¸ãƒ‹ã‚¢ã§ã‚‚åˆ†ã‹ã‚‹ã€é‡‘èDXã®æ–°å¸¸è­˜ï¼šAWSã€ŒPartner of the Yearã€å—è³ä¼æ¥­ã‹ã‚‰å­¦ã¶ã‚¯ãƒ©ã‚¦ãƒ‰é¸å®šã®å‹˜æ‰€,https://techsimpleapp.main.jp/2025/12/18/%e3%80%8c%e9%9d%9e%e3%82%a8%e3%83%b3%e3%82%b8%e3%83%8b%e3%82%a2%e3%81%a7%e3%82%82%e5%88%86%e3%81%8b%e3%82%8b%e3%80%8d%e9%87%91%e8%9e%8ddx%e3%81%ae%e6%96%b0%e5%b8%b8%e8%ad%98%ef%bc%9aaws%e3%80%8cpartne/,2025-12-18T07:31:27,publish
156,AIã§ãƒªãƒ©ã‚¤ãƒˆæ™‚é–“ã‚’å¤§å¹…çŸ­ç¸®ï¼SEOãƒ„ãƒ¼ãƒ«ã€ŒEmmaToolsã€ãŒå¤‰ãˆã‚‹ã‚³ãƒ³ãƒ†ãƒ³ãƒ„åˆ¶ä½œã®æœªæ¥,https://techsimpleapp.main.jp/2025/12/14/ai%e3%81%a7%e3%83%aa%e3%83%a9%e3%82%a4%e3%83%88%e6%99%82%e9%96%93%e3%82%92%e5%a4%a7%e5%b9%85%e7%9f%ad%e7%b8%ae%ef%bc%81seo%e3%83%84%e3%83%bc%e3%83%ab%e3%80%8cemmatools%e3%80%8d%e3%81%8c%e5%a4%89/,2025-12-14T15:40:10,publish
134,Serverless Frameworkã§ãƒ‡ãƒ—ãƒ­ã‚¤å¤±æ•—ï¼ŸIAMã«å¿…è¦ãªæ¨©é™ã¨è§£æ±ºç­–ãƒ¡ãƒ¢ã€AWSã€‘,https://techsimpleapp.main.jp/2025/05/26/serverless-framework%e3%81%a7%e3%83%87%e3%83%97%e3%83%ad%e3%82%a4%e5%a4%b1%e6%95%97%ef%bc%9fiam%e3%81%ab%e5%bf%85%e8%a6%81%e3%81%aa%e6%a8%a9%e9%99%90%e3%81%a8%e8%a7%a3%e6%b1%ba%e7%ad%96%e3%83%a1/,2025-05-26T08:30:00,publish
103,å’Œæš¦ãƒ»è¥¿æš¦ãƒ»å¹´é½¢ãƒ»å¹²æ”¯æ—©è¦‹è¡¨ã‚¢ãƒ—ãƒªã®ä½¿ã„æ–¹,https://techsimpleapp.main.jp/2024/05/09/koyomilist/,2024-05-09T16:48:17,publish
78,ä»¤å’Œ6å¹´ï¼ˆ24å¹´ï¼‰æ˜¥ãƒãƒƒãƒˆãƒ¯ãƒ¼ã‚¯ã‚¹ãƒšã‚·ãƒ£ãƒªã‚¹ãƒˆè©¦é¨“å—é¨“è¨˜,https://techsimpleapp.main.jp/2024/05/03/%e4%bb%a4%e5%92%8c6%e5%b9%b4%e3%83%8d%e3%82%b9%e3%83%9a%e5%8f%97%e9%a8%93%e8%a8%98/,2024-05-03T18:53:49,publish
52,ã€ç°¡å˜ã€‘WordPressãƒ–ãƒ­ã‚°ã¸ã®Googleã‚¢ãƒŠãƒªãƒ†ã‚£ã‚¯ã‚¹è¨­å®šæ–¹æ³•,https://techsimpleapp.main.jp/2024/04/27/%e3%80%90%e7%b0%a1%e5%8d%98%e3%80%91wordpress%e3%83%96%e3%83%ad%e3%82%b0%e3%81%b8%e3%81%aegoogle%e3%82%a2%e3%83%8a%e3%83%aa%e3%83%86%e3%82%a3%e3%82%af%e3%82%b9%e8%a8%ad%e5%ae%9a%e6%96%b9%e6%b3%95/,2024-04-27T21:56:38,publish
1,ToDoãƒªã‚¹ãƒˆ-ã‚·ãƒ³ãƒ—ãƒ«-,https://techsimpleapp.main.jp/2023/05/06/todo%e3%83%aa%e3%82%b9%e3%83%88%e3%82%b7%e3%83%b3%e3%83%97%e3%83%ab/,2023-05-06T17:45:15,publish
